Time (s),Memory Throughput (MB/s)
5.841255187988281e-05,271.42493300000007
