Time (s),IPS,LLC Misses
5.841255187988281e-05,1743938864.0,556604.0
0.6895222663879395,3597313256.0,865524.0
