Time (s),Package Power (W),DRAM Power (W)
0.5007472038269043,188.05823800000002,16.902308
1.001805305480957,185.032484,16.778348
1.5027976036071777,177.436434,16.659526
