Time (s),Memory Throughput (MB/s)
5.221366882324219e-05,265.45851280000005
